{
  "formatVersion": 1,
  "database": {
    "version": 1,
    "identityHash": "86365bc57fadaf16b79b58ba9a5e82a2",
    "entities": [
      {
        "tableName": "people",
        "createSql": "CREATE TABLE IF NOT EXISTS `${TABLE_NAME}` (`_id` INTEGER PRIMARY KEY AUTOINCREMENT, `firstName` TEXT, `lastName` TEXT, `picturePath` TEXT, `birthDate` INTEGER NOT NULL)",
        "fields": [
          {
            "fieldPath": "_id",
            "columnName": "_id",
            "affinity": "INTEGER",
            "notNull": false
          },
          {
            "fieldPath": "firstName",
            "columnName": "firstName",
            "affinity": "TEXT",
            "notNull": false
          },
          {
            "fieldPath": "lastName",
            "columnName": "lastName",
            "affinity": "TEXT",
            "notNull": false
          },
          {
            "fieldPath": "picturePath",
            "columnName": "picturePath",
            "affinity": "TEXT",
            "notNull": false
          },
          {
            "fieldPath": "birthDate",
            "columnName": "birthDate",
            "affinity": "INTEGER",
            "notNull": true
          }
        ],
        "primaryKey": {
          "columnNames": [
            "_id"
          ],
          "autoGenerate": true
        },
        "indices": [],
        "foreignKeys": []
      }
    ],
    "views": [],
    "setupQueries": [
      "CREATE TABLE IF NOT EXISTS room_master_table (id INTEGER PRIMARY KEY,identity_hash TEXT)",
      "INSERT OR REPLACE INTO room_master_table (id,identity_hash) VALUES(42, '86365bc57fadaf16b79b58ba9a5e82a2')"
    ]
  }
}